{"cameraMode":{"drawMode":0,"name":"Shaded","section":"Shading Mode"},"sceneLighting":true,"audioPlay":false,"sceneViewState":{"showFog":true,"showMaterialUpdate":false,"showSkybox":false,"showFlares":true,"showImageEffects":true,"showParticleSystems":true},"in2DMode":false,"pivot":{"x":1.0098060369491578,"y":4.086632251739502,"z":5.451171875},"rotation":{"x":0.0008521077106706798,"y":0.9989109635353088,"z":0.01678474061191082,"w":-0.04672907665371895},"size":18.308170318603517,"orthographic":false}