{"cameraMode":{"drawMode":0,"name":"Shaded","section":"Shading Mode"},"sceneLighting":true,"audioPlay":false,"sceneViewState":{"showFog":true,"showMaterialUpdate":false,"showSkybox":false,"showFlares":true,"showImageEffects":true,"showParticleSystems":true},"in2DMode":false,"pivot":{"x":-10.111038208007813,"y":1.3574575185775757,"z":17.491870880126954},"rotation":{"x":-0.16805888712406159,"y":-0.10474125295877457,"z":0.017838353291153909,"w":-0.9801631569862366},"size":2.5000343322753908,"orthographic":false}