{"cameraMode":{"drawMode":0,"name":"Shaded","section":"Shading Mode"},"sceneLighting":true,"audioPlay":false,"sceneViewState":{"showFog":true,"showMaterialUpdate":false,"showSkybox":false,"showFlares":true,"showImageEffects":true,"showParticleSystems":true},"in2DMode":false,"pivot":{"x":-9.607959747314454,"y":1.7883156538009644,"z":7.314709186553955},"rotation":{"x":-0.3340592384338379,"y":0.46219438314437868,"z":-0.19350673258304597,"w":-0.798507571220398},"size":11.262833595275879,"orthographic":false}