{"cameraMode":{"drawMode":0,"name":"Shaded","section":"Shading Mode"},"sceneLighting":true,"audioPlay":false,"sceneViewState":{"showFog":true,"showMaterialUpdate":false,"showSkybox":false,"showFlares":true,"showImageEffects":true,"showParticleSystems":true},"in2DMode":false,"pivot":{"x":1.1118849515914918,"y":1.8187748193740845,"z":0.4696449041366577},"rotation":{"x":-0.13874799013137818,"y":0.011316690593957901,"z":-0.0015653531299903989,"w":-0.9902878999710083},"size":5.040390968322754,"orthographic":false}