{"cameraMode":{"drawMode":0,"name":"Shaded","section":"Shading Mode"},"sceneLighting":true,"audioPlay":false,"sceneViewState":{"showFog":true,"showMaterialUpdate":false,"showSkybox":false,"showFlares":true,"showImageEffects":true,"showParticleSystems":true},"in2DMode":false,"pivot":{"x":-10.999207496643067,"y":1.8336715698242188,"z":5.291199207305908},"rotation":{"x":-0.026440223678946496,"y":0.9141265749931336,"z":-0.06042012572288513,"w":-0.4000277817249298},"size":13.312826156616211,"orthographic":false}