{"cameraMode":{"drawMode":0,"name":"Shaded","section":"Shading Mode"},"sceneLighting":true,"audioPlay":false,"sceneViewState":{"showFog":true,"showMaterialUpdate":false,"showSkybox":false,"showFlares":true,"showImageEffects":true,"showParticleSystems":true},"in2DMode":false,"pivot":{"x":-0.432147741317749,"y":0.17123281955718995,"z":17.647157669067384},"rotation":{"x":-0.29079246520996096,"y":-0.6020045876502991,"z":0.2496991902589798,"w":-0.7006869912147522},"size":1.9619922637939454,"orthographic":false}