{"cameraMode":{"drawMode":0,"name":"Shaded","section":"Shading Mode"},"sceneLighting":true,"audioPlay":false,"sceneViewState":{"showFog":true,"showMaterialUpdate":false,"showSkybox":false,"showFlares":true,"showImageEffects":true,"showParticleSystems":true},"in2DMode":false,"pivot":{"x":-1.124867558479309,"y":0.5334271192550659,"z":2.599390745162964},"rotation":{"x":-0.2502326965332031,"y":0.04732832312583923,"z":-0.012408996932208538,"w":-0.9671185612678528},"size":7.622897148132324,"orthographic":false}