{"cameraMode":{"drawMode":0,"name":"Shaded","section":"Shading Mode"},"sceneLighting":true,"audioPlay":false,"sceneViewState":{"showFog":true,"showMaterialUpdate":false,"showSkybox":false,"showFlares":true,"showImageEffects":true,"showParticleSystems":true},"in2DMode":false,"pivot":{"x":0.0,"y":0.26650089025497439,"z":1.561999797821045},"rotation":{"x":0.0074863131158053879,"y":0.05996304750442505,"z":-0.0004499428905546665,"w":0.9981765747070313},"size":8.824317932128907,"orthographic":true}