{"cameraMode":{"drawMode":0,"name":"Shaded","section":"Shading Mode"},"sceneLighting":true,"audioPlay":false,"sceneViewState":{"showFog":true,"showMaterialUpdate":false,"showSkybox":false,"showFlares":true,"showImageEffects":true,"showParticleSystems":true},"in2DMode":false,"pivot":{"x":2.386624813079834,"y":0.5457508563995361,"z":15.429047584533692},"rotation":{"x":-0.13322363793849946,"y":-0.4840538203716278,"z":0.0746605321764946,"w":-0.8617757558822632},"size":7.4494524002075199,"orthographic":false}