{"cameraMode":{"drawMode":0,"name":"Shaded","section":"Shading Mode"},"sceneLighting":true,"audioPlay":false,"sceneViewState":{"showFog":true,"showMaterialUpdate":false,"showSkybox":false,"showFlares":true,"showImageEffects":true,"showParticleSystems":true},"in2DMode":false,"pivot":{"x":-1.6997038125991822,"y":1.320760726928711,"z":16.274898529052736},"rotation":{"x":0.2830975353717804,"y":0.155878484249115,"z":-0.0467587411403656,"w":0.9452767372131348},"size":1.716515064239502,"orthographic":true}