{"cameraMode":{"drawMode":0,"name":"Shaded","section":"Shading Mode"},"sceneLighting":true,"audioPlay":false,"sceneViewState":{"showFog":true,"showMaterialUpdate":false,"showSkybox":false,"showFlares":true,"showImageEffects":true,"showParticleSystems":true},"in2DMode":false,"pivot":{"x":-13.939563751220704,"y":1.3932031393051148,"z":0.8242782354354858},"rotation":{"x":0.13614560663700105,"y":-0.693780779838562,"z":0.13624778389930726,"w":0.6941460967063904},"size":1.770956039428711,"orthographic":false}