{"cameraMode":{"drawMode":0,"name":"Shaded","section":"Shading Mode"},"sceneLighting":true,"audioPlay":false,"sceneViewState":{"showFog":true,"showMaterialUpdate":false,"showSkybox":false,"showFlares":true,"showImageEffects":true,"showParticleSystems":true},"in2DMode":false,"pivot":{"x":-6.615851402282715,"y":2.5185177326202394,"z":15.517778396606446},"rotation":{"x":-0.10805051773786545,"y":0.02838165871798992,"z":-0.003217417513951659,"w":-0.9938610792160034},"size":6.488163471221924,"orthographic":false}