{"cameraMode":{"drawMode":0,"name":"Shaded","section":"Shading Mode"},"sceneLighting":true,"audioPlay":false,"sceneViewState":{"showFog":true,"showMaterialUpdate":false,"showSkybox":false,"showFlares":true,"showImageEffects":true,"showParticleSystems":true},"in2DMode":false,"pivot":{"x":-15.16080379486084,"y":15.502172470092774,"z":14.2815580368042},"rotation":{"x":-0.0020352208521217109,"y":-0.7149949073791504,"z":-0.00221019028685987,"w":0.6992377042770386},"size":48.41161346435547,"orthographic":true}