{"cameraMode":{"drawMode":0,"name":"Shaded","section":"Shading Mode"},"sceneLighting":false,"audioPlay":false,"sceneViewState":{"showFog":true,"showMaterialUpdate":false,"showSkybox":false,"showFlares":true,"showImageEffects":true,"showParticleSystems":true},"in2DMode":false,"pivot":{"x":-0.037264518439769748,"y":1.1736950874328614,"z":-0.00941842794418335},"rotation":{"x":0.005688489880412817,"y":0.02609434351325035,"z":0.0001493228628532961,"w":-0.9996469020843506},"size":0.4333080053329468,"orthographic":false}